epoch,train_loss,val_loss,miou,pixel_acc,lr,time_sec
1,2.3055850109441685,2.082327445046655,0.0383621024235179,0.6100191742700211,0.0,2924.216574907303
